USE [ProvisioningDB]
GO
INSERT [dbo].[MP_Instances] ([InstanceKey], [Description], [Disabled]) VALUES (N'I-M4', N'istanza M4', 0)
INSERT [dbo].[MP_ServerURLs] ([InstanceKey], [URLType], [URL]) VALUES (N'I-M4', 0, N'http://test.m4app.com')
INSERT [dbo].[MP_ServerURLs] ([InstanceKey], [URLType], [URL]) VALUES (N'I-M4', 1, N'https://app.m4cloud.netcore.com')
INSERT [dbo].[MP_Subscriptions] ([SubscriptionKey], [Description], [ActivationToken], [PreferredLanguage], [ApplicationLanguage], [MinDBSizeToWarn], [InstanceKey]) VALUES (N'M4', N'subscription M4', N'', N'', N'', 2044723, N'I-M4')
INSERT [dbo].[MP_Subscriptions] ([SubscriptionKey], [Description], [ActivationToken], [PreferredLanguage], [ApplicationLanguage], [MinDBSizeToWarn], [InstanceKey]) VALUES (N'M4-ENT', N'subscription Enterprise', N'', N'', N'', 2044723, N'I-M4')
INSERT [dbo].[MP_Subscriptions] ([SubscriptionKey], [Description], [ActivationToken], [PreferredLanguage], [ApplicationLanguage], [MinDBSizeToWarn], [InstanceKey]) VALUES (N'FRA', N'subscription fra', N'', N'', N'', 2044723, N'I-M4')
INSERT [dbo].[MP_Subscriptions] ([SubscriptionKey], [Description], [ActivationToken], [PreferredLanguage], [ApplicationLanguage], [MinDBSizeToWarn], [InstanceKey]) VALUES (N'ILA', N'', N'', N'', N'', 2044723, N'I-M4')
INSERT [dbo].[MP_Accounts] ([AccountName], [Password], [FullName], [Notes], [Email], [LoginFailedCount], [PasswordNeverExpires], [MustChangePassword], [CannotChangePassword], [PasswordExpirationDate], [PasswordDuration], [Disabled], [Locked], [CloudAdmin], [ProvisioningAdmin], [WindowsAuthentication], [PreferredLanguage], [ApplicationLanguage], [Ticks], [ExpirationDate]) VALUES (N'mdelbene@hotmail.com', N'delbene', N'Michela Delbene', N'ufficio amministrativo', N'mdelbene@hotmail.com', 0, 0, 0, 0, CAST(N'1753-01-01 00:00:00.000' AS DateTime), 0, 0, 0, 0, 0, 0, N'', N'', 999999999, CAST(N'2017-06-23 14:52:56.727' AS DateTime))
INSERT [dbo].[MP_Accounts] ([AccountName], [Password], [FullName], [Notes], [Email], [LoginFailedCount], [PasswordNeverExpires], [MustChangePassword], [CannotChangePassword], [PasswordExpirationDate], [PasswordDuration], [Disabled], [Locked], [CloudAdmin], [ProvisioningAdmin], [WindowsAuthentication], [PreferredLanguage], [ApplicationLanguage], [Ticks], [ExpirationDate]) VALUES (N'ila@ila.it', N'ila', N'ila', N'ila', N'ila@ila.it', 1, 0, 0, 0, CAST(N'2017-06-26 08:50:04.607' AS DateTime), 90, 0, 0, 1, 1, 0, N'', N'', 999999999, CAST(N'2024-06-23 14:52:56.727' AS DateTime))
INSERT [dbo].[MP_Accounts] ([AccountName], [Password], [FullName], [Notes], [Email], [LoginFailedCount], [PasswordNeverExpires], [MustChangePassword], [CannotChangePassword], [PasswordExpirationDate], [PasswordDuration], [Disabled], [Locked], [CloudAdmin], [ProvisioningAdmin], [WindowsAuthentication], [PreferredLanguage], [ApplicationLanguage], [Ticks], [ExpirationDate]) VALUES (N'francesco.ricceri@m4cloud.com', N'zaxon', N'Francesco Ricceri', N'', N'francesco.ricceri@microarea.it', 0, 0, 0, 0, CAST(N'2024-06-23 14:52:56.727' AS DateTime), 90, 0, 0, 0, 1, 0, N'', N'', 999999999, CAST(N'2024-06-23 14:52:56.727' AS DateTime))
INSERT [dbo].[MP_Accounts] ([AccountName], [Password], [FullName], [Notes], [Email], [LoginFailedCount], [PasswordNeverExpires], [MustChangePassword], [CannotChangePassword], [PasswordExpirationDate], [PasswordDuration], [Disabled], [Locked], [CloudAdmin], [ProvisioningAdmin], [WindowsAuthentication], [PreferredLanguage], [ApplicationLanguage], [Ticks], [ExpirationDate]) VALUES (N'mdelbene@gmail.com', N'gmail', N'', N'aggiorno da postman 555', N'mdelbene@gmail.com', 0, 0, 0, 0, CAST(N'1753-01-01 00:00:00.000' AS DateTime), 0, 0, 0, 0, 1, 0, N'', N'', 0, CAST(N'2017-06-26 15:04:57.713' AS DateTime))
INSERT [dbo].[MP_SubscriptionAccounts] ([AccountName], [SubscriptionKey]) VALUES (N'francesco.ricceri@m4cloud.com', N'FRA')
INSERT [dbo].[MP_SubscriptionAccounts] ([AccountName], [SubscriptionKey]) VALUES (N'ila@ila.it', N'ILA')
INSERT [dbo].[MP_SubscriptionAccounts] ([AccountName], [SubscriptionKey]) VALUES (N'mdelbene@gmail.com', N'FRA')
INSERT [dbo].[MP_SubscriptionAccounts] ([AccountName], [SubscriptionKey]) VALUES (N'mdelbene@gmail.com', N'ILA')
SET IDENTITY_INSERT [dbo].[MP_Companies] ON 

INSERT [dbo].[MP_Companies] ([CompanyId], [Name], [Description], [CompanyDBServer], [CompanyDBName], [CompanyDBOwner], [CompanyDBPassword], [Disabled], [DatabaseCulture], [IsUnicode], [PreferredLanguage], [ApplicationLanguage], [Provider], [SubscriptionKey], [UseDMS], [DMSDBServer], [DMSDBName], [DMSDBOwner], [DMSDBPassword]) VALUES (1, N'AziendaM4', N'company di test 1', N'tst-sql', N'TestM4', N'sa', N'Microarea.', 0, N'', 0, N'', N'', N'SQL', N'M4', 0, N'', N'', N'', N'')
INSERT [dbo].[MP_Companies] ([CompanyId], [Name], [Description], [CompanyDBServer], [CompanyDBName], [CompanyDBOwner], [CompanyDBPassword], [Disabled], [DatabaseCulture], [IsUnicode], [PreferredLanguage], [ApplicationLanguage], [Provider], [SubscriptionKey], [UseDMS], [DMSDBServer], [DMSDBName], [DMSDBOwner], [DMSDBPassword]) VALUES (6, N'AziendaM4-ENT', N'azienda enterprise', N'usr-delbenemic', N'M4-ENT', N'sa', N'14', 0, N'', 0, N'', N'', N'SQL', N'M4', 0, N'', N'', N'', N'')
INSERT [dbo].[MP_Companies] ([CompanyId], [Name], [Description], [CompanyDBServer], [CompanyDBName], [CompanyDBOwner], [CompanyDBPassword], [Disabled], [DatabaseCulture], [IsUnicode], [PreferredLanguage], [ApplicationLanguage], [Provider], [SubscriptionKey], [UseDMS], [DMSDBServer], [DMSDBName], [DMSDBOwner], [DMSDBPassword]) VALUES (7, N'AziendaM4-LIGHT', N'azienda light', N'usr-delbenemic', N'M4-LIGHT', N'sa', N'14', 0, N'', 0, N'', N'', N'SQL', N'M4', 0, N'', N'', N'', N'')
INSERT [dbo].[MP_Companies] ([CompanyId], [Name], [Description], [CompanyDBServer], [CompanyDBName], [CompanyDBOwner], [CompanyDBPassword], [Disabled], [DatabaseCulture], [IsUnicode], [PreferredLanguage], [ApplicationLanguage], [Provider], [SubscriptionKey], [UseDMS], [DMSDBServer], [DMSDBName], [DMSDBOwner], [DMSDBPassword]) VALUES (8, N'AzFRA', N'', N'', N'', N'', N'', 0, N'', 0, N'', N'', N'', N'FRA', 0, N'', N'', N'', N'')
INSERT [dbo].[MP_Companies] ([CompanyId], [Name], [Description], [CompanyDBServer], [CompanyDBName], [CompanyDBOwner], [CompanyDBPassword], [Disabled], [DatabaseCulture], [IsUnicode], [PreferredLanguage], [ApplicationLanguage], [Provider], [SubscriptionKey], [UseDMS], [DMSDBServer], [DMSDBName], [DMSDBOwner], [DMSDBPassword]) VALUES (9, N'AzILA', N'', N'', N'', N'', N'', 0, N'', 0, N'', N'', N'', N'ILA', 0, N'', N'', N'', N'')
SET IDENTITY_INSERT [dbo].[MP_Companies] OFF
INSERT [dbo].[MP_CompanyAccounts] ([AccountName], [CompanyId], [Admin]) VALUES (N'mdelbene@hotmail.com', 1, 0)
INSERT [dbo].[MP_CompanyAccounts] ([AccountName], [CompanyId], [Admin]) VALUES (N'mdelbene@hotmail.com', 6, 0)
INSERT [dbo].[MP_CompanyAccounts] ([AccountName], [CompanyId], [Admin]) VALUES (N'ila@ila.it', 1, 0)
INSERT [dbo].[MP_SecurityTokens] ([AccountName], [TokenType], [Token], [ExpirationDate], [Expired]) VALUES (N'francesco.ricceri@m4cloud.com', 1, N'57c4fbd5-ed99-40ec-a7e2-0824984043e2', CAST(N'1753-01-01 00:00:00.000' AS DateTime), 0)
INSERT [dbo].[MP_SecurityTokens] ([AccountName], [TokenType], [Token], [ExpirationDate], [Expired]) VALUES (N'francesco.ricceri@m4cloud.com', 2, N'd904263d-f2ce-45b0-8e35-647e6c0a8c8b', CAST(N'1753-01-01 00:00:00.000' AS DateTime), 0)
INSERT [dbo].[MP_SecurityTokens] ([AccountName], [TokenType], [Token], [ExpirationDate], [Expired]) VALUES (N'ila@ila.it', 2, N'c8e766c3-43a6-48c8-838f-2da8148a3323', CAST(N'1753-01-01 00:00:00.000' AS DateTime), 0)
